война	315393
вода	280796
воздух	64080
ветер	62032
прокатка	49291
время	46580
оружие	42548
период	32372
зима	32011
климат	24512
погода	23792
пот	23568
рука	19515
дождь	18133
фронт	17418
деформация	17417
состояние	17191
месяц	16460
ночь	16337
глаз	15569
день	13954
обработка	13579
плазма	12863
взгляд	12335
штамповка	11796
земля	10284
часть	10282
катод	9724
звезда	9516
газ	9123
свет	9065
течение	8940
комната	8904
душ	8760
весна	8592
закуска	7844
место	7807
камень	7730
расчет	7634
пламень	7549
небо	7406
струя	7235
масса	7053
зона	7023
полугодие	6955
палец	6921
помещение	6895
море	6860
тон	6742
слой	6650
туман	6484
волна	6392
блеск	6327
стекло	6129
почва	5730
лето	5606
стена	5506
сердце	5495
поверхность	5490
капля	5457
год	5451
копчение	5445
чай	5307
прием	5254
страна	5240
пиво	5203
лицо	5196
вид	5018
солнце	4984
молоко	4948
стенка	4938
пол	4910
сезон	4808
область	4788
рассудок	4769
сварка	4769
способ	4553
ванна	4506
осень	4491
поток	4473
тело	4451
огонь	4434
отношение	4404
металл	4385
раствор	4348
выдавливание	4289
прессование	4263
равнодушие	4230
ум	4195
конец	4188
роса	4139
прокат	4091
слово	3962
компресс	3940
кровь	3922
вторжение	3838
снег	3829
сени	3828
нейтрон	3810
мясо	3801
дыхание	3794
презрение	3733
высадка	3702
утро	3640
пустыня	3535
половина	3533
спай	3497
голова	3477
камера	3454
душа	3368
губа	3301
наблюдение	3277
человек	3256
мир	3248
эпоха	3101
жестокость	3080
вечер	3067
вод	3025
отверждение	3000
парник	2989
район	2965
волочение	2945
дом	2913
дрожь	2896
река	2827
трещина	2749
пустота	2706
ключ	2694
улыбка	2686
источник	2651
брызги	2628
испарина	2590
условие	2590
компонент	2542
ужас	2532
электрон	2513
луч	2512
облако	2506
любопытство	2492
край	2480
сырость	2442
пояс	2441
сталь	2399
степь	2397
церковь	2393
голос	2385
квартира	2371
разум	2342
ладонь	2342
пар	2279
струйка	2271
спирт	2237
вежливость	2210
сторона	2197
железо	2191
блюдо	2186
зал	2169
дутье	2151
мрак	2144
ковка	2143
постель	2118
пора	2096
подложка	2092
стратификация	2088
лоб	2072
спокойствие	2011
песок	2010
труп	2006
участок	1977
телятина	1966
изба	1964
щека	1959
тень	1952
жидкость	1951
подвал	1942
ярость	1937
внимание	1926
печь	1925
сибирь	1900
безразличие	1899
нос	1885
мгла	1881
ветерок	1871
молчание	1867
эмиссия	1840
север	1823
работа	1806
ремонт	1788
коридор	1773
луна	1767
водоснабжение	1747
рассудочность	1734
расчетливость	1723
рассвет	1688
пятно	1678
деформирование	1665
среда	1659
вытяжка	1647
ион	1645
могила	1641
плита	1638
мрамор	1626
фаза	1625
сон	1618
пленка	1609
вещество	1609
глубина	1587
ручей	1581
тьма	1561
выражение	1549
бешенство	1505
красота	1504
влага	1487
котлета	1468
сарай	1462
квас	1443
картошка	1435
ацетон	1425
грязь	1407
сдержанность	1373
эгоизм	1367
барак	1361
двигатель	1351
пространство	1342
смерть	1340
отчаяние	1332
хранение	1327
полумаска	1327
сапожник	1323
прикосновение	1318
землянка	1309
ядро	1306
ненависть	1301
сумрак	1300
печка	1286
пыль	1283
усмешка	1276
храм	1275
объятие	1261
слеза	1242
океан	1227
электрод	1223
эгоист	1220
вино	1218
мурашки	1203
ловушка	1198
анализ	1198
заря	1198
озеро	1197
мысль	1193
город	1187
нога	1185
кофе	1166
модель	1153
атмосфера	1138
трава	1137
ужин	1133
напиток	1113
пепел	1093
вагон	1090
цвет	1088
окно	1087
водка	1084
поле	1082
цех	1080
сияние	1074
синева	1063
карцер	1060
дождик	1045
тоска	1041
правка	1038
резерв	1036
злоба	1032
примочка	1026
простор	1018
ирония	1016
склад	1010
тишина	1000
темнота	998
улица	997
россия	983
пища	983
оттенок	981
частица	979
сомнение	977
утренник	977
взор	972
ливень	969
суп	969
погреб	968
баранина	945
родник	936
туча	935
вихорь	929
смесь	926
москва	924
даль	924
зола	922
ствол	921
водица	920
наклеп	903
свечение	897
метод	891
страх	890
н	888
температура	883
ясность	880
баня	880
ручка	879
лед	879
высота	868
гигант	860
амбар	859
речка	854
наблюдатель	853
петербург	839
дым	834
отчужденность	831
тигель	827
экстракция	823
решимость	815
учтивость	810
натура	804
жизнь	799
скала	797
гранит	797
насмешка	793
логика	785
контейнер	766
каша	762
смех	759
красавица	758
курица	749
сумерки	743
кожа	740
бетон	740
цинизм	738
тундра	737
крыло	737
асфальт	728
ответ	725
бензол	725
эфир	725
форма	722
атом	721
цветок	713
рыба	709
сквозняк	707
лестница	705
размышление	702
предмет	695
достоинство	687
полоса	686
тяжесть	686
злость	683
резка	682
гора	678
синтез	678
масло	671
водичка	669
риторика	664
женщина	664
яма	659
говядина	656
грудь	654
трубка	649
метанол	646
берег	643
лес	643
рассуждение	642
шампанское	638
озноб	637
рассол	631
кушанье	629
простыня	628
протяжка	618
лезвие	616
пучок	613
покой	609
этанол	607
скептицизм	602
водоем	601
чугун	598
запах	598
жижа	597
вершина	595
оболочка	590
порыв	588
тип	588
рационализм	584
рассудительность	580
угол	579
п	575
змея	574
сжатие	573
искра	572
чувство	552
обтирание	547
воля	545
паровоз	542
лужа	542
огонек	540
одиночество	533
пятидневка	532
вулканизация	531
горница	526
прослойка	525
адвекция	523
проращивание	523
собор	522
варварство	521
гамма	519
борщ	518
кабинет	516
сушка	514
стерилизация	514
дерзость	514
класс	507
кладовая	504
глина	504
она	504
кухня	503
удивление	502
письмо	501
закат	500
отчуждение	499
двор	496
встреча	489
регион	488
высадок	488
безмолвие	487
белизна	484
враждебность	484
уголь	480
дуновение	480
пена	479
вътер	477
маска	476
серебро	473
чулан	473
точка	468
ружье	467
спутник	467
питие	466
палатка	465
дуло	465
поцелуй	464
любовь	462
язык	462
завтрак	460
материал	457
краска	456
этап	454
оранжерея	453
накатывание	453
плечо	453
постройка	452
колорит	452
объективность	449
лапа	444
циклон	442
кусок	441
бездна	440
воронка	439
асфальтобетон	438
занос	435
пальчик	433
широта	433
ток	432
отказ	430
обкатка	429
промывка	427
окоп	427
пуск	426
интервал	426
уста	425
стол	424
дно	420
обращение	418
материя	417
ремесленник	415
полотенце	412
труба	412
недоумение	411
местность	409
камин	409
режим	409
игла	409
лист	409
отблеск	405
скука	403
зеркало	402
ступень	401
петроград	400
бесстрастие	398
абсцесс	396
январь	395
азот	394
обливание	394
сосиска	394
доска	389
око	388
гексан	388
сок	386
свежесть	385
царство	384
гладь	382
строгость	381
номер	381
водород	381
продувка	380
ростбиф	380
природа	380
ручонка	376
здание	375
рассчет	374
машина	374
прихожая	372
голубизна	371
облагораживание	371
величие	370
дух	365
чердак	365
воспитание	364
кипяток	363
самовар	362
мерцание	362
кипение	361
очаг	361
любезность	361
нева	359
пучина	359
ремесленничество	356
сознание	354
кора	352
толпа	349
литосфера	349
ход	348
фраза	348
зритель	347
чистота	347
высокомерие	345
морось	339
приговор	338
игра	337
страсть	336
лесостепь	335
хата	334
важность	334
кольцо	333
купание	331
слиток	330
темперамент	329
сверхгигант	329
буфер	329
ком	327
гордость	326
пальто	326
родина	325
затвор	324
сапог	323
осетрина	323
чудовище	323
болото	321
каморка	320
столица	319
глыба	319
сливки	319
штамп	317
синь	317
полумрак	316
надменность	316
пластина	316
рассадник	315
объем	314
действительность	314
система	314
капелька	314
зала	313
пренебрежение	313
острие	312
клеенка	312
дерево	312
шинель	311
антициклон	309
лимонад	309
пирог	309
дичь	309
стадия	308
трезвость	304
бутылка	302
еда	300
мастерская	300
ладошка	299
пещера	298
одеяло	298
академизм	297
космос	297
местообитание	297
неподвижность	295
замкнутость	294
поклон	294
ночевка	293
накатка	292
оцепенение	292
теплоноситель	291
экран	290
клуб	290
слякоть	290
гряда	289
обжатие	289
ложе	288
тамбур	283
простой	279
ручеек	279
он	278
щи	278
тюрьма	277
планета	276
зрачок	274
стакан	272
ухо	271
кумыс	271
трепет	271
разврат	270
диск	270
клеть	270
ледник	269
наружность	269
мастика	268
свидетель	268
циник	267
медь	267
уверенность	266
абстракция	265
уважение	265
я	265
формовка	264
порода	264
характер	262
неприязнь	261
высь	261
отзыв	260
образец	259
веранда	259
пивко	259
февраль	259
броня	258
паркет	257
граница	257
пелена	256
вспышка	256
чело	256
одежда	255
каземат	254
май	254
прах	253
искусство	253
фосфатирование	252
обед	251
купель	251
фон	251
загиб	251
пожар	250
крашение	249
прут	249
интерес	248
гибка	247
батарея	247
твердость	246
шихта	246
комок	243
элемент	242
кровать	241
боль	241
рис	241
лоск	240
свинина	240
бульон	239
похлебка	239
пары	239
мастерство	239
отстраненность	238
штык	238
насмешливость	234
гнев	234
плащ	233
нож	233
картофелина	231
образ	230
картофель	230
кран	229
произведение	229
эмаль	227
сенцы	227
стих	226
компот	225
испытание	225
льдинка	225
слизь	224
навивка	224
кладовка	224
ящик	221
вальцовка	221
подоконник	220
беспристрастие	220
аудитория	218
равнина	218
дверь	218
влажность	217
дорога	217
критика	216
черта	215
самоуверенность	215
юрта	215
казарма	214
октябрь	214
снежинка	214
вопрос	213
долина	213
линия	213
вальцы	211
существо	211
след	210
резонерство	210
суровость	210
площадь	209
макароны	209
апрель	208
отвердение	208
вестибюль	208
число	208
декабрь	207
выброс	207
темень	206
часы	206
сфера	205
зелень	204
бок	204
сцена	204
корректность	203
резервирование	203
иней	202
мужество	201
пафос	201
глазок	200
вышина	200
деловитость	200
бассейн	199
простокваша	199
покров	197
сутки	197
склон	196
запуск	195
льдина	195
жилище	195
заготовка	194
кирпич	194
сила	193
официальность	193
забвение	192
путь	192
давление	191
подушка	191
нарзан	191
аллегория	191
час	191
батик	191
март	190
бесстрастность	189
пирожок	189
ноябрь	189
пристройка	188
свинец	186
объективизм	185
воз	185
спальня	185
строка	185
потемки	185
изморось	184
торжественность	184
ненастье	183
предбанник	182
тху	182
мера	182
мансарда	182
сумароков	181
недоверие	181
хлопья	181
кафель	180
палата	180
поросенок	178
невеста	178
поручень	178
муфель	178
блик	177
кивок	177
железка	177
тельце	176
конечность	176
дыра	175
апатия	175
метель	174
отвага	174
рассеянность	173
лягушка	173
чайник	173
мамалыга	173
жилье	172
хлороформ	172
калибровка	172
жар	172
проза	171
ступенька	171
император	170
комнатка	170
теплица	170
созерцание	168
конденсат	168
сектор	167
звук	167
карлик	167
ложбина	167
окрошка	166
ремесло	166
подъезд	166
перила	165
высачивание	165
норд	164
яд	164
чеканка	163
вариант	162
скамья	162
начало	162
отделка	161
мох	161
теплушка	161
цыпленок	160
звон	159
змейка	159
зарево	159
ожесточение	158
твердение	158
завалка	158
половица	157
локоть	157
спина	157
статуя	156
суглинок	155
укоризна	155
наблюдательность	154
прищур	154
рельс	153
вал	153
скамейка	153
спинка	152
ласка	152
поезд	152
рубка	152
школа	151
глубь	151
стиль	150
вокзал	150
остаток	149
формование	149
восторг	149
столб	148
ветвь	148
шум	148
промперегрев	147
мурашка	147
золото	147
ветчина	146
утюг	146
старость	146
изумление	145
мишень	145
отвращение	145
завивка	145
формализм	144
великолепие	144
рукоятка	143
знание	143
холм	142
яблоко	142
небосклон	142
нитка	142
колонна	142
контакт	142
грань	142
решетка	142
готовность	142
вътра	141
посад	141
валка	141
лепетание	141
вселенная	140
галька	139
европеец	139
силосование	139
щупальце	139
лик	139
свод	138
отрезок	138
иголка	137
лаборатория	137
отсвет	137
шар	137
это	136
мудрец	136
убийца	136
беспощадность	136
дума	135
ленинград	135
муза	135
черствость	135
слияние	135
настороженность	134
молекула	134
колодец	134
упорство	133
веко	133
невнимание	133
внешность	133
просинь	132
чернота	132
материк	132
мина	131
арктика	131
лавка	130
печаль	130
бездушие	130
скептик	129
электролит	129
история	129
гелий	128
остроумие	128
песенка	128
остров	127
столовая	127
точность	126
прошлое	126
аналитик	125
келья	125
жуть	125
гостиная	124
яичница	124
почтительность	124
ты	124
пух	123
костер	123
мастер	123
брикетирование	122
живопись	122
поэт	122
гидропрессование	121
волнение	121
дымка	121
объект	121
приклад	120
нотка	120
дерн	120
отвлеченность	120
гостиница	119
невозмутимость	119
мудрость	119
пентан	119
скепсис	119
безучастие	118
очистка	118
блиндаж	117
зонд	117
вдавливание	117
вражда	117
дворец	117
оснастка	117
арбуз	116
вечность	115
образование	115
кристалл	115
комнатушка	115
муть	114
месиво	114
прагматизм	114
склеп	114
гнутье	114
твердь	114
диван	114
клепка	113
блин	113
нары	113
осадок	113
раскатка	113
пара	113
разеудок	113
горение	113
фрагментация	113
полимеризация	113
осколок	113
краса	113
что	113
подземелье	112
сад	112
приветствие	112
тайга	112
петля	112
комочек	111
отрешенность	111
клинок	111
котел	111
кислород	111
автобус	111
отделение	110
торец	110
пистолет	110
редуцирование	109
айран	109
зверство	109
выращивание	109
дигестия	109
сжигание	108
омут	108
ад	108
разложение	108
света	107
платье	107
саван	107
измерение	107
цифра	106
негодование	106
столбик	106
чашка	106
перелив	106
воображение	105
оруж	104
резонатор	104
поднебесье	104
дождичек	104
неприступность	104
гроб	104
признание	103
хлев	103
пасквиль	103
буря	103
лазурь	103
тиски	103
интеллигенция	102
зерно	102
клавиша	102
энергия	102
подполье	102
безучастность	102
досада	102
избушка	101
нить	101
париж	101
аномалия	100
кислота	100
блестка	100
одобрение	100
гарь	100
дача	100
исполнение	99
круг	99
отвар	98
моделирование	98
кисть	98
косяк	98
лапка	97
облик	97
змей	97
вьюга	96
уныние	96
прессовка	96
полынь	96
связывание	96
деление	96
якутия	96
ничто	96
мостовая	96
профилирование	95
теснота	94
упрямство	94
россыпь	93
отжим	93
бессердечие	93
маринад	93
кристаллизация	93
вестник	93
речь	92
армения	92
безличность	92
рукоять	92
кабина	91
истина	91
изморозь	90
вихор	90
нутро	90
недра	90
сарказм	90
театр	90
наглость	90
посол	90
веяние	89
старт	89
высокогорье	88
век	88
прозрачность	88
пунш	88
богиня	88
сквознячок	87
осуждение	87
философ	87
горечь	87
крест	87
ступня	87
пуня	87
отчетливость	87
рот	86
перст	85
самовластие	85
днепр	85
исследование	85
заварка	85
чужбина	85
общежитие	85
буфет	84
небосвод	84
отпор	84
скважина	84
мантия	84
жаба	83
град	83
застенок	82
мечта	82
мраморность	81
пропасть	81
обстановка	81
отстой	81
тряпка	80
издевка	80
этилацетат	80
ремень	79
раздражение	79
криница	79
запястье	78
лежанка	78
плеск	78
ломка	78
горизонт	78
сметана	78
алкоголь	78
фенол	78
пустырь	77
контур	77
агломерат	77
леность	76
лязг	76
архангельск	76
чума	76
ротик	76
трамвай	76
брезгливость	75
индейка	75
жало	75
балтика	74
поть	74
коготь	74
таймыр	74
молоток	74
браунинг	73
сопротивление	73
детство	73
нега	73
манера	73
пакет	72
болтовня	72
подливка	72
пейзаж	72
они	71
студень	71
добавка	71
свекольник	71
настой	71
нанесение	71
весть	71
гидродинамика	71
яйцо	71
решительность	71
игрушка	71
изваяние	70
дизель	70
аккреция	70
листоотделка	70
шутка	70
космополит	70
печать	70
щель	70
недоброжелательство	69
передел	69
чопорность	69
д	69
парадность	69
небрежность	68
бог	68
волос	68
носитель	68
скоба	68
сверкание	68
констатация	68
спрут	67
термояд	67
полоска	67
терраса	67
предчувствие	67
правда	67
профиль	67
продукт	67
справедливость	67
слог	67
впечатление	66
вареник	66
р	66
линолеум	66
висок	66
сажа	66
сентябрь	66
колено	65
овес	65
трюм	65
передняя	65
пресса	65
парк	65
угроза	65
экструзия	64
ил	64
финн	64
скобка	64
суетня	64
резонер	63
стук	63
белье	63
пальтишко	63
клин	63
ось	63
развалины	63
снежок	63
слюна	63
резервуар	63
лоно	63
хрусталь	62
поучение	62
безнадежность	62
жест	62
анахронизм	62
молочко	62
воин	62
меч	61
полутьма	61
полночь	61
вьтер	61
корпус	61
като	61
внедрение	61
святыня	61
оценка	61
рама	60
настойчивость	60
железа	60
коварство	60
стенд	60
салфетка	60
интрузия	60
диссертация	60
усовершенствование	59
самообладание	59
писатель	59
винтовка	59
носик	59
адепт	59
туманность	59
замок	59
полюс	59
последователь	58
пруд	58
мироздание	58
трясина	58
ус	58
громада	58
купол	58
смешение	58
постел	58
горн	58
выдумка	58
полдень	57
щелочь	57
суд	57
трупик	57
кокетство	57
профессионализм	57
пайка	57
топливо	57
морс	57
практицизм	57
обмывание	57
аргон	57
июнь	57
сосняк	57
боб	57
перо	57
строение	56
лечение	56
симметрия	56
прорубь	56
имя	56
зимовка	56
плоскость	56
фейерверк	56
тональность	56
соображение	56
шкаф	56
живот	55
легкость	55
изучение	55
скальпель	55
фойе	55
толуол	55
житьишко	55
обувь	55
стремя	55
подпрессовка	55
шалаш	55
воспоминание	55
категория	55
толща	55
хижина	55
себялюбец	55
фантазия	54
помост	54
скрап	54
перл	54
любовник	54
искорка	54
укол	54
кондиционирование	54
отражение	54
грунт	54
реализм	54
ветка	54
непонимание	54
электричка	54
рациональность	54
стихия	54
обруч	54
разуверение	54
шарик	53
пресс	53
скорбь	53
ласковость	53
плакирование	53
политик	53
сеть	53
строфа	53
плоть	53
стилизация	53
парат	53
жалость	53
складка	53
сухость	53
косточка	53
пушок	53
водопад	52
бесстрашие	52
цилиндр	52
судорога	52
подозрительность	52
ложь	52
склеивание	52
орудие	52
башня	52
манерность	52
суета	52
консервы	52
лжец	52
июль	52
приготовление	52
часовня	51
изложница	51
отрицание	51
благоразумие	51
свист	51
украшение	51
шерсть	51
наука	51
темница	51
инструмент	51
озлобление	51
безжалостность	51
телятник	50
созерцатель	50
перечисление	50
периферия	50
кружок	50
кукушкин	50
упрочнение	50
отповедь	50
кефир	50
призрак	50
литье	50
смешок	50
тепло	50
существование	50
червь	50
станция	50
пластич	50
прощание	50
тряпица	50
жажда	50
кафля	50
экстрагирование	50
красавец	50
чиновник	49
сера	49
молитва	49
глянец	49
бокал	49
мойка	49
восхищение	49
актер	49
вещь	49
нефть	49
лейка	49
квасок	49
проволока	49
мураш	49
вой	49
сакля	48
томление	48
сугроб	48
отчет	48
стишок	48
вызов	48
юг	48
абс	48
прямоугольник	48
бронза	48
шквал	48
буква	48
валенок	48
отчизна	47
ведро	47
сидение	47
шея	47
происхождение	47
сосуд	47
родничок	47
мешок	47
отсек	47
кость	47
роскошь	47
мораль	47
мыслитель	47
крыльцо	47
звездочка	46
плен	46
площадка	46
низ	46
градусник	46
пышность	46
рассказ	46
усталость	46
кисель	46
самолет	46
норвегия	46
жесть	46
стебель	46
нора	46
небытие	46
слушатель	46
нужник	45
беспристрастность	45
бесчувственность	45
совершенство	45
дань	45
быт	45
поземка	45
будка	45
седло	45
ушат	45
морда	45
рационалист	45
зев	45
каюта	45
ткань	45
проковка	45
днище	45
напряжение	45
молния	45
ученый	45
колодка	44
плитка	44
мыло	44
рябь	44
оно	44
зоря	44
мечтатель	44
жесткость	44
курок	44
паутина	44
исландия	44
ученость	44
корридор	44
солнышко	44
оброк	44
формула	43
девушка	43
непримиримость	43
покрывало	43
созерцательность	43
шепот	43
щечка	43
порядок	43
пасть	43
призер	43
овраг	43
ощущение	43
острота	43
самолюбие	43
декламация	43
клюква	43
язь	43
мертвец	43
щипчики	43
атеист	43
угар	43
павильон	42
кружка	42
марево	42
цемент	42
земл	42
обломок	42
хвост	42
вре	42
особа	42
светило	42
повторение	42
немота	42
прагматик	42
четкость	42
газировка	42
бумага	42
азарт	41
солома	41
отлив	41
торжество	41
кимоно	41
одр	41
кинжал	41
боржом	41
лачуга	41
наган	41
роль	41
визг	41
гравий	41
бидон	41
коробка	41
дочь	41
существенность	40
водочка	40
срубец	40
обдуманность	40
сладость	40
ботинок	40
