война	315393
вода	280796
воздух	64080
ветер	62032
прокатка	49291
время	46580
оружие	42548
период	32372
зима	32011
климат	24512
погода	23792
пот	23568
рука	19515
дождь	18133
фронт	17418
деформация	17417
состояние	17191
месяц	16460
ночь	16337
глаз	15569
день	13954
обработка	13579
плазма	12863
взгляд	12335
штамповка	11796
земля	10284
часть	10282
катод	9724
звезда	9516
газ	9123
свет	9065
течение	8940
комната	8904
душ	8760
весна	8592
закуска	7844
место	7807
камень	7730
расчет	7634
пламень	7549
небо	7406
струя	7235
масса	7053
зона	7023
полугодие	6955
палец	6921
помещение	6895
море	6860
тон	6742
слой	6650
туман	6484
волна	6392
блеск	6327
стекло	6129
почва	5730
лето	5606
стена	5506
сердце	5495
поверхность	5490
капля	5457
год	5451
копчение	5445
чай	5307
прием	5254
страна	5240
пиво	5203
лицо	5196
вид	5018
солнце	4984
молоко	4948
стенка	4938
пол	4910
сезон	4808
область	4788
сварка	4769
рассудок	4769
способ	4553
ванна	4506
осень	4491
поток	4473
тело	4451
огонь	4434
отношение	4404
металл	4385
раствор	4348
выдавливание	4289
прессование	4263
равнодушие	4230
ум	4195
конец	4188
роса	4139
прокат	4091
слово	3962
компресс	3940
кровь	3922
вторжение	3838
снег	3829
сени	3828
нейтрон	3810
мясо	3801
дыхание	3794
презрение	3733
высадка	3702
утро	3640
пустыня	3535
половина	3533
спай	3497
голова	3477
камера	3454
душа	3368
губа	3301
наблюдение	3277
человек	3256
мир	3248
эпоха	3101
жестокость	3080
вечер	3067
вод	3025
отверждение	3000
парник	2989
район	2965
волочение	2945
дом	2913
дрожь	2896
река	2827
трещина	2749
пустота	2706
ключ	2694
улыбка	2686
источник	2651
брызги	2628
условие	2590
испарина	2590
компонент	2542
ужас	2532
электрон	2513
луч	2512
облако	2506
любопытство	2492
край	2480
сырость	2442
пояс	2441
сталь	2399
степь	2397
церковь	2393
голос	2385
квартира	2371
разум	2342
ладонь	2342
пар	2279
струйка	2271
спирт	2237
вежливость	2210
сторона	2197
железо	2191
блюдо	2186
зал	2169
дутье	2151
мрак	2144
ковка	2143
постель	2118
пора	2096
подложка	2092
стратификация	2088
лоб	2072
спокойствие	2011
песок	2010
труп	2006
участок	1977
телятина	1966
изба	1964
щека	1959
тень	1952
жидкость	1951
подвал	1942
ярость	1937
внимание	1926
печь	1925
сибирь	1900
безразличие	1899
нос	1885
мгла	1881
ветерок	1871
молчание	1867
эмиссия	1840
север	1823
работа	1806
ремонт	1788
коридор	1773
луна	1767
водоснабжение	1747
рассудочность	1734
расчетливость	1723
рассвет	1688
пятно	1678
деформирование	1665
среда	1659
вытяжка	1647
ион	1645
могила	1641
плита	1638
мрамор	1626
фаза	1625
сон	1618
вещество	1609
пленка	1609
глубина	1587
ручей	1581
тьма	1561
выражение	1549
бешенство	1505
красота	1504
влага	1487
котлета	1468
сарай	1462
квас	1443
картошка	1435
ацетон	1425
грязь	1407
сдержанность	1373
эгоизм	1367
барак	1361
двигатель	1351
пространство	1342
смерть	1340
отчаяние	1332
полумаска	1327
хранение	1327
сапожник	1323
прикосновение	1318
землянка	1309
ядро	1306
ненависть	1301
сумрак	1300
печка	1286
пыль	1283
усмешка	1276
храм	1275
объятие	1261
слеза	1242
электрод	1223
эгоист	1220
вино	1218
мурашки	1203
анализ	1198
заря	1198
ловушка	1198
озеро	1197
мысль	1193
город	1187
океан	1187
нога	1185
кофе	1166
модель	1153
атмосфера	1138
трава	1137
ужин	1133
напиток	1113
пепел	1093
вагон	1090
цвет	1088
окно	1087
водка	1084
поле	1082
цех	1080
сияние	1074
синева	1063
карцер	1060
дождик	1045
тоска	1041
правка	1038
резерв	1036
злоба	1032
примочка	1026
простор	1018
ирония	1016
склад	1010
тишина	1000
темнота	998
улица	997
пища	983
россия	983
оттенок	981
частица	979
утренник	977
сомнение	977
взор	972
суп	969
ливень	969
погреб	968
баранина	945
родник	936
туча	935
вихорь	929
смесь	926
москва	924
даль	924
зола	922
ствол	921
водица	920
наклеп	903
свечение	897
метод	891
страх	890
н	888
температура	883
ясность	880
баня	880
ручка	879
лед	879
высота	868
гигант	860
амбар	859
речка	854
наблюдатель	853
петербург	839
дым	834
отчужденность	831
тигель	827
экстракция	823
решимость	815
учтивость	810
натура	804
жизнь	799
скала	797
гранит	797
насмешка	793
логика	785
контейнер	766
каша	762
смех	759
красавица	758
курица	749
сумерки	743
кожа	740
бетон	740
цинизм	738
тундра	737
крыло	737
асфальт	728
ответ	725
бензол	725
эфир	725
форма	722
атом	721
цветок	713
рыба	709
сквозняк	707
лестница	705
размышление	702
лужа	699
предмет	695
достоинство	687
полоса	686
тяжесть	686
злость	683
резка	682
гора	678
синтез	678
масло	671
водичка	669
риторика	664
женщина	664
яма	659
говядина	656
грудь	654
трубка	649
метанол	646
берег	643
лес	643
рассуждение	642
шампанское	638
озноб	637
рассол	631
кушанье	629
простыня	628
протяжка	618
лезвие	616
пучок	613
покой	609
этанол	607
скептицизм	602
водоем	601
запах	598
чугун	598
жижа	597
вершина	595
оболочка	590
тип	588
порыв	588
рационализм	584
рассудительность	580
угол	579
п	575
змея	574
сжатие	573
искра	572
чувство	552
обтирание	547
воля	545
паровоз	542
огонек	540
одиночество	533
пятидневка	532
вулканизация	531
горница	526
прослойка	525
проращивание	523
адвекция	523
собор	522
варварство	521
гамма	519
борщ	518
кабинет	516
сушка	514
дерзость	514
стерилизация	514
класс	507
кладовая	504
она	504
глина	504
кухня	503
удивление	502
письмо	501
закат	500
отчуждение	499
двор	496
встреча	489
регион	488
высадок	488
безмолвие	487
белизна	484
враждебность	484
дуновение	480
уголь	480
пена	479
вътер	477
маска	476
серебро	473
чулан	473
точка	468
ружье	467
спутник	467
питие	466
дуло	465
палатка	465
поцелуй	464
любовь	462
язык	462
завтрак	460
материал	457
краска	456
этап	454
накатывание	453
оранжерея	453
плечо	453
постройка	452
колорит	452
объективность	449
лапа	444
циклон	442
кусок	441
бездна	440
воронка	439
асфальтобетон	438
занос	435
широта	433
пальчик	433
ток	432
отказ	430
обкатка	429
окоп	427
промывка	427
интервал	426
пуск	426
уста	425
стол	424
дно	420
обращение	418
материя	417
ремесленник	415
полотенце	412
труба	412
недоумение	411
местность	409
лист	409
игла	409
режим	409
камин	409
отблеск	405
скука	403
зеркало	402
ступень	401
петроград	400
бесстрастие	398
абсцесс	396
январь	395
обливание	394
сосиска	394
азот	394
доска	389
око	388
гексан	388
сок	386
свежесть	385
царство	384
гладь	382
водород	381
строгость	381
номер	381
продувка	380
природа	380
ростбиф	380
ручонка	376
здание	375
машина	374
рассчет	374
прихожая	372
облагораживание	371
голубизна	371
величие	370
чердак	365
дух	365
воспитание	364
кипяток	363
мерцание	362
самовар	362
кипение	361
очаг	361
любезность	361
нева	359
пучина	359
ремесленничество	356
сознание	354
кора	352
толпа	349
литосфера	349
фраза	348
ход	348
чистота	347
зритель	347
высокомерие	345
морось	339
приговор	338
игра	337
страсть	336
лесостепь	335
хата	334
важность	334
кольцо	333
купание	331
слиток	330
буфер	329
темперамент	329
сверхгигант	329
ком	327
пальто	326
гордость	326
родина	325
затвор	324
осетрина	323
сапог	323
чудовище	323
болото	321
каморка	320
столица	319
сливки	319
глыба	319
синь	317
штамп	317
пластина	316
полумрак	316
надменность	316
рассадник	315
объем	314
капелька	314
система	314
действительность	314
зала	313
пренебрежение	313
дерево	312
острие	312
клеенка	312
шинель	311
дичь	309
пирог	309
лимонад	309
антициклон	309
стадия	308
трезвость	304
бутылка	302
мастерская	300
еда	300
ладошка	299
пещера	298
одеяло	298
академизм	297
местообитание	297
космос	297
неподвижность	295
замкнутость	294
поклон	294
ночевка	293
накатка	292
оцепенение	292
теплоноситель	291
слякоть	290
экран	290
клуб	290
гряда	289
обжатие	289
ложе	288
тамбур	283
простой	279
ручеек	279
он	278
щи	278
тюрьма	277
планета	276
зрачок	274
стакан	272
ухо	271
кумыс	271
трепет	271
клеть	270
диск	270
разврат	270
ледник	269
наружность	269
мастика	268
свидетель	268
медь	267
циник	267
уверенность	266
абстракция	265
уважение	265
я	265
порода	264
формовка	264
характер	262
высь	261
неприязнь	261
отзыв	260
февраль	259
веранда	259
образец	259
пивко	259
броня	258
граница	257
паркет	257
чело	256
пелена	256
вспышка	256
одежда	255
май	254
каземат	254
искусство	253
прах	253
фосфатирование	252
загиб	251
фон	251
обед	251
купель	251
пожар	250
прут	249
крашение	249
интерес	248
гибка	247
батарея	247
шихта	246
твердость	246
комок	243
элемент	242
рис	241
кровать	241
боль	241
свинина	240
лоск	240
пары	239
похлебка	239
бульон	239
мастерство	239
штык	238
отстраненность	238
гнев	234
насмешливость	234
плащ	233
нож	233
картофелина	231
образ	230
картофель	230
кран	229
произведение	229
сенцы	227
эмаль	227
стих	226
испытание	225
льдинка	225
компот	225
кладовка	224
слизь	224
навивка	224
вальцовка	221
ящик	221
подоконник	220
беспристрастие	220
равнина	218
аудитория	218
дверь	218
дорога	217
влажность	217
критика	216
самоуверенность	215
юрта	215
черта	215
октябрь	214
снежинка	214
казарма	214
вопрос	213
линия	213
долина	213
существо	211
вальцы	211
резонерство	210
след	210
суровость	210
макароны	209
площадь	209
отвердение	208
число	208
апрель	208
вестибюль	208
декабрь	207
выброс	207
темень	206
часы	206
сфера	205
бок	204
зелень	204
сцена	204
резервирование	203
корректность	203
иней	202
мужество	201
пафос	201
вышина	200
глазок	200
деловитость	200
бассейн	199
простокваша	199
покров	197
сутки	197
склон	196
льдина	195
жилище	195
запуск	195
кирпич	194
заготовка	194
официальность	193
сила	193
забвение	192
путь	192
давление	191
батик	191
нарзан	191
аллегория	191
час	191
подушка	191
март	190
бесстрастность	189
ноябрь	189
пирожок	189
пристройка	188
свинец	186
спальня	185
объективизм	185
потемки	185
воз	185
строка	185
изморось	184
торжественность	184
ненастье	183
предбанник	182
мера	182
тху	182
мансарда	182
хлопья	181
сумароков	181
недоверие	181
кафель	180
палата	180
невеста	178
муфель	178
поручень	178
поросенок	178
кивок	177
блик	177
железка	177
конечность	176
тельце	176
дыра	175
апатия	175
метель	174
отвага	174
лягушка	173
чайник	173
рассеянность	173
мамалыга	173
жилье	172
жар	172
хлороформ	172
калибровка	172
проза	171
ступенька	171
император	170
теплица	170
комнатка	170
конденсат	168
созерцание	168
сектор	167
столовая	167
ложбина	167
карлик	167
звук	167
ремесло	166
подъезд	166
окрошка	166
высачивание	165
перила	165
норд	164
яд	164
чеканка	163
начало	162
скамья	162
вариант	162
теплушка	161
отделка	161
мох	161
цыпленок	160
звон	159
змейка	159
зарево	159
ожесточение	158
завалка	158
твердение	158
половица	157
локоть	157
спина	157
статуя	156
суглинок	155
укоризна	155
прищур	154
наблюдательность	154
рельс	153
вал	153
скамейка	153
спинка	152
рубка	152
ласка	152
поезд	152
школа	151
глубь	151
вокзал	150
стиль	150
остаток	149
восторг	149
формование	149
ветвь	148
столб	148
шум	148
промперегрев	147
золото	147
мурашка	147
ветчина	146
утюг	146
старость	146
мишень	145
изумление	145
отвращение	145
завивка	145
формализм	144
великолепие	144
знание	143
рукоятка	143
небосклон	142
колонна	142
решетка	142
готовность	142
нитка	142
холм	142
грань	142
яблоко	142
контакт	142
лепетание	141
вътра	141
посад	141
валка	141
вселенная	140
европеец	139
щупальце	139
силосование	139
лик	139
галька	139
отрезок	138
свод	138
лаборатория	137
шар	137
отсвет	137
иголка	137
это	136
мудрец	136
убийца	136
беспощадность	136
черствость	135
дума	135
муза	135
ленинград	135
слияние	135
колодец	134
молекула	134
настороженность	134
упорство	133
веко	133
невнимание	133
внешность	133
материк	132
просинь	132
чернота	132
арктика	131
мина	131
лавка	130
бездушие	130
печаль	130
история	129
скептик	129
электролит	129
остроумие	128
гелий	128
песенка	128
остров	127
прошлое	126
точность	126
жуть	125
аналитик	125
келья	125
почтительность	124
гостиная	124
яичница	124
ты	124
костер	123
пух	123
мастер	123
поэт	122
живопись	122
брикетирование	122
дымка	121
объект	121
волнение	121
гидропрессование	121
дерн	120
нотка	120
отвлеченность	120
приклад	120
невозмутимость	119
гостиница	119
мудрость	119
пентан	119
скепсис	119
очистка	118
безучастие	118
оснастка	117
зонд	117
дворец	117
вдавливание	117
блиндаж	117
вражда	117
арбуз	116
кристалл	115
комнатушка	115
вечность	115
образование	115
месиво	114
твердь	114
склеп	114
прагматизм	114
гнутье	114
диван	114
муть	114
клепка	113
осколок	113
краса	113
осадок	113
горение	113
нары	113
что	113
раскатка	113
полимеризация	113
блин	113
фрагментация	113
пара	113
разеудок	113
сад	112
тайга	112
петля	112
подземелье	112
приветствие	112
клинок	111
комочек	111
кислород	111
котел	111
автобус	111
отрешенность	111
отделение	110
торец	110
пистолет	110
дигестия	109
зверство	109
редуцирование	109
айран	109
выращивание	109
омут	108
сжигание	108
ад	108
разложение	108
света	107
измерение	107
саван	107
платье	107
цифра	106
чашка	106
столбик	106
перелив	106
негодование	106
воображение	105
резонатор	104
гроб	104
поднебесье	104
дождичек	104
неприступность	104
оруж	104
пасквиль	103
признание	103
тиски	103
буря	103
хлев	103
лазурь	103
досада	102
энергия	102
клавиша	102
зерно	102
безучастность	102
интеллигенция	102
подполье	102
париж	101
избушка	101
нить	101
одобрение	100
гарь	100
кислота	100
дача	100
аномалия	100
блестка	100
круг	99
исполнение	99
кисть	98
отвар	98
моделирование	98
косяк	98
змей	97
лапка	97
облик	97
деление	96
уныние	96
прессовка	96
вьюга	96
полынь	96
ничто	96
мостовая	96
якутия	96
связывание	96
профилирование	95
теснота	94
упрямство	94
вестник	93
маринад	93
кристаллизация	93
россыпь	93
бессердечие	93
отжим	93
рукоять	92
безличность	92
армения	92
речь	92
истина	91
кабина	91
недра	90
нутро	90
театр	90
изморозь	90
сарказм	90
посол	90
вихор	90
наглость	90
веяние	89
старт	89
высокогорье	88
век	88
богиня	88
прозрачность	88
пунш	88
пуня	87
крест	87
ступня	87
осуждение	87
горечь	87
философ	87
сквознячок	87
отчетливость	87
рот	86
чужбина	85
исследование	85
самовластие	85
общежитие	85
днепр	85
заварка	85
перст	85
небосвод	84
скважина	84
буфет	84
отпор	84
мантия	84
жаба	83
град	83
застенок	82
мечта	82
пропасть	81
мраморность	81
отстой	81
обстановка	81
тряпка	80
этилацетат	80
издевка	80
ремень	79
раздражение	79
криница	79
лежанка	78
ломка	78
плеск	78
сметана	78
алкоголь	78
горизонт	78
фенол	78
запястье	78
контур	77
пустырь	77
агломерат	77
трамвай	76
архангельск	76
леность	76
чума	76
лязг	76
ротик	76
брезгливость	75
индейка	75
жало	75
молоток	74
балтика	74
коготь	74
поть	74
таймыр	74
браунинг	73
детство	73
нега	73
сопротивление	73
манера	73
подливка	72
болтовня	72
пейзаж	72
пакет	72
весть	71
решительность	71
добавка	71
свекольник	71
они	71
гидродинамика	71
студень	71
нанесение	71
игрушка	71
настой	71
яйцо	71
космополит	70
изваяние	70
печать	70
листоотделка	70
дизель	70
шутка	70
щель	70
аккреция	70
д	69
недоброжелательство	69
парадность	69
передел	69
чопорность	69
сверкание	68
небрежность	68
носитель	68
скоба	68
констатация	68
бог	68
волос	68
продукт	67
справедливость	67
термояд	67
правда	67
спрут	67
профиль	67
предчувствие	67
терраса	67
полоска	67
слог	67
висок	66
линолеум	66
вареник	66
впечатление	66
сентябрь	66
сажа	66
р	66
передняя	65
парк	65
овес	65
угроза	65
трюм	65
пресса	65
колено	65
экструзия	64
финн	64
скобка	64
ил	64
суетня	64
стук	63
резонер	63
клин	63
слюна	63
развалины	63
белье	63
лоно	63
резервуар	63
ось	63
пальтишко	63
снежок	63
молочко	62
анахронизм	62
воин	62
жест	62
хрусталь	62
безнадежность	62
поучение	62
полночь	61
корпус	61
оценка	61
внедрение	61
полутьма	61
като	61
вьтер	61
святыня	61
меч	61
салфетка	60
коварство	60
железа	60
диссертация	60
рама	60
стенд	60
настойчивость	60
интрузия	60
адепт	59
полюс	59
носик	59
самообладание	59
туманность	59
винтовка	59
замок	59
писатель	59
усовершенствование	59
купол	58
выдумка	58
последователь	58
мироздание	58
смешение	58
громада	58
горн	58
постел	58
ус	58
трясина	58
пруд	58
щелочь	57
трупик	57
июнь	57
сосняк	57
пайка	57
топливо	57
суд	57
полдень	57
профессионализм	57
аргон	57
обмывание	57
боб	57
морс	57
практицизм	57
перо	57
кокетство	57
прорубь	56
зимовка	56
имя	56
лечение	56
плоскость	56
соображение	56
шкаф	56
симметрия	56
фейерверк	56
тональность	56
строение	56
обувь	55
себялюбец	55
живот	55
фойе	55
подпрессовка	55
шалаш	55
категория	55
толща	55
легкость	55
стремя	55
хижина	55
изучение	55
толуол	55
воспоминание	55
скальпель	55
житьишко	55
разуверение	54
перл	54
отражение	54
грунт	54
помост	54
реализм	54
непонимание	54
фантазия	54
искорка	54
электричка	54
стихия	54
скрап	54
кондиционирование	54
укол	54
любовник	54
обруч	54
ветка	54
рациональность	54
пушок	53
плоть	53
шарик	53
политик	53
скорбь	53
стилизация	53
сеть	53
парат	53
жалость	53
строфа	53
ласковость	53
плакирование	53
косточка	53
пресс	53
складка	53
сухость	53
подозрительность	52
июль	52
водопад	52
манерность	52
башня	52
ложь	52
приготовление	52
судорога	52
лжец	52
склеивание	52
суета	52
орудие	52
консервы	52
бесстрашие	52
цилиндр	52
наука	51
инструмент	51
благоразумие	51
озлобление	51
шерсть	51
часовня	51
безжалостность	51
темница	51
изложница	51
украшение	51
отрицание	51
свист	51
кефир	50
созерцатель	50
прощание	50
пластич	50
упрочнение	50
существование	50
кукушкин	50
телятник	50
призрак	50
смешок	50
экстрагирование	50
жажда	50
литье	50
тряпица	50
периферия	50
тепло	50
кружок	50
красавец	50
отповедь	50
червь	50
кафля	50
станция	50
перечисление	50
лейка	49
мойка	49
чиновник	49
бокал	49
проволока	49
восхищение	49
квасок	49
мураш	49
актер	49
вой	49
нефть	49
молитва	49
сера	49
вещь	49
глянец	49
вызов	48
шквал	48
юг	48
сакля	48
томление	48
валенок	48
буква	48
прямоугольник	48
отчет	48
стишок	48
сугроб	48
абс	48
бронза	48
родничок	47
мешок	47
отчизна	47
мораль	47
мыслитель	47
кость	47
крыльцо	47
сидение	47
сосуд	47
ведро	47
отсек	47
шея	47
происхождение	47
роскошь	47
слушатель	46
площадка	46
плен	46
рассказ	46
звездочка	46
норвегия	46
кисель	46
нора	46
усталость	46
стебель	46
небытие	46
пышность	46
жесть	46
низ	46
градусник	46
самолет	46
беспристрастность	45
поземка	45
напряжение	45
ткань	45
ушат	45
седло	45
дань	45
рационалист	45
бесчувственность	45
быт	45
каюта	45
нужник	45
проковка	45
совершенство	45
морда	45
днище	45
зев	45
молния	45
будка	45
ученый	45
оно	44
паутина	44
зоря	44
исландия	44
плитка	44
колодка	44
ученость	44
оброк	44
корридор	44
курок	44
жесткость	44
солнышко	44
мечтатель	44
мыло	44
рябь	44
пасть	43
щипчики	43
непримиримость	43
шепот	43
овраг	43
декламация	43
формула	43
язь	43
девушка	43
самолюбие	43
щечка	43
призер	43
ощущение	43
угар	43
атеист	43
покрывало	43
созерцательность	43
мертвец	43
острота	43
клюква	43
порядок	43
немота	42
цемент	42
марево	42
хвост	42
особа	42
газировка	42
кружка	42
павильон	42
бумага	42
четкость	42
светило	42
повторение	42
вре	42
обломок	42
прагматик	42
земл	42
кинжал	41
солома	41
одр	41
дочь	41
кимоно	41
роль	41
лачуга	41
гравий	41
наган	41
коробка	41
визг	41
бидон	41
отлив	41
азарт	41
боржом	41
торжество	41
сладость	40
водочка	40
обдуманность	40
существенность	40
срубец	40
ботинок	40
